-- 1. 주민정보 테이블 [cite: 5]
CREATE TABLE TBL_JUMIN_202108 (
    JUMIN CHAR(14) NOT NULL PRIMARY KEY,
    PNAME VARCHAR(16),
    TEL VARCHAR(13),
    ADDRESS VARCHAR(10)
);

-- 2. 병원정보 테이블 [cite: 9]
CREATE TABLE TBL_HOSP_202108 (
    HOSPCODE CHAR(4) NOT NULL PRIMARY KEY,
    HOSPNAME VARCHAR(10),
    HOSPTEL VARCHAR(10),
    HOSPADDR VARCHAR(10)
);

-- 3. 접종예약정보 테이블 [cite: 14]
-- (참고: 명세서의 'RESVYIME' [cite: 15] 컬럼명 오타를 그대로 반영했습니다.)
CREATE TABLE TBL_VACCRESV_202108 (
    RESVNO CHAR(8) NOT NULL PRIMARY KEY,
    JUMIN CHAR(14),
    VCODE CHAR(4),
    HOSPCODE CHAR(4),
    RESVDATE CHAR(8),
    RESVYIME CHAR(4),
    FOREIGN KEY (JUMIN) REFERENCES TBL_JUMIN_202108(JUMIN),
    FOREIGN KEY (HOSPCODE) REFERENCES TBL_HOSP_202108(HOSPCODE)
);

-- 1. TBL_JUMIN_202108 샘플 데이터 [cite: 8]
INSERT INTO TBL_JUMIN_202108 (JUMIN, PNAME, TEL, ADDRESS) VALUES
('710101-1000001', '김주민', '010-1234-0001', '서울'),
('720101-2000002', '이주민', '010-1234-0002', '서울'),
('730101-1000003', '박주민', '010-1234-0003', '서울'),
('740101-2000004', '조주민', '010-1234-0004', '대전'),
('750101-1000005', '홍주민', '010-1234-0005', '대전'),
('760101-2000006', '나주민', '010-1234-0006', '대구'),
('770101-1000007', '황주민', '010-1234-0007', '대구'),
('780101-2000008', '용주민', '010-1234-0008', '광주'),
('790101-1000009', '백주민', '010-1234-0009', '광주'),
('800101-2000010', '송주민', '010-1234-0010', '광주');

-- 2. TBL_HOSP_202108 샘플 데이터 [cite: 12]
INSERT INTO TBL_HOSP_202108 (HOSPCODE, HOSPNAME, HOSPTEL, HOSPADDR) VALUES
('H001', '가-병원', '1588-0001', '서울'),
('H002', '나-병원', '1588-0002', '대전'),
('H003', '다-병원', '1588-0003', '대구'),
('H004', '라-병원', '1588-0004', '광주');

-- 3. TBL_VACCRESV_202108 샘플 데이터 [cite: 17]
INSERT INTO TBL_VACCRESV_202108 (RESVNO, JUMIN, VCODE, HOSPCODE, RESVDATE, RESVYIME) VALUES
('20210001', '710101-1000001', 'V001', 'H001', '20210901', '0921'),
('20210002', '720101-2000002', 'V001', 'H002', '20210901', '1030'),
('20210003', '730101-1000003', 'V002', 'H003', '20210902', '1130'),
('20210004', '740101-2000004', 'V002', 'H001', '20210902', '1230'),
('20210005', '750101-1000005', 'V002', 'H002', '20210902', '1330'),
('20210006', '760101-2000006', 'V003', 'H003', '20210903', '1430'),
('20210007', '770101-1000007', 'V003', 'H001', '20210903', '1530'),
('20210008', '780101-2000008', 'V003', 'H002', '20210903', '1630'),
('20210009', '790101-1000009', 'V003', 'H003', '20210904', '1730'),
('20210010', '800101-2000010', 'V003', 'H001', '20210904', '1830');
